date,product_id,category,price,quantity,customer_id,rating,total_sales
2023-01-01,52,Clothing,700.5,5,241,1,3502.5
2023-01-02,93,Home,683.34,8,321,2,5466.72
2023-01-03,15,Books,622.43,10,191,3,6224.299999999999
2023-01-04,72,Books,755.19,1,217,1,755.19
2023-01-05,61,Electronics,167.02,5,51,4,835.1
2023-01-06,21,Books,882.06,3,292,1,2646.18
2023-01-07,83,Home,873.13,4,81,4,3492.52
2023-01-08,87,Clothing,38.95,2,489,2,77.9
2023-01-09,75,Electronics,827.56,9,383,1,7448.039999999999
2023-01-10,75,Electronics,137.58,3,88,5,412.74
2023-01-11,88,Clothing,341.77,2,194,2,683.54
2023-01-12,100,Books,746.07,10,104,4,7460.700000000001
2023-01-13,24,Clothing,169.15,9,271,2,1522.3500000000001
2023-01-14,3,Books,819.79,7,96,1,5738.53
2023-01-15,22,Clothing,833.81,6,423,3,5002.86
2023-01-16,53,Home,512.39,1,379,3,512.39
2023-01-17,2,Books,16.32,5,198,4,81.6
2023-01-18,88,Home,294.17,3,1,4,882.51
2023-01-19,30,Electronics,620.76,1,495,3,620.76
2023-01-20,38,Clothing,981.37,4,407,4,3925.48
2023-01-21,2,Electronics,635.5,2,378,2,1271.0
2023-01-22,64,Electronics,267.21,2,167,5,534.42
2023-01-23,60,Electronics,637.67,3,126,5,1913.0099999999998
2023-01-24,21,Electronics,544.59,8,313,2,4356.72
2023-01-25,33,Clothing,782.05,8,81,5,6256.4
2023-01-26,76,Electronics,115.91,7,418,1,811.37
2023-01-27,58,Clothing,763.42,6,251,2,4580.5199999999995
2023-01-28,22,Clothing,545.85,9,169,4,4912.650000000001
2023-01-29,89,Home,963.36,4,477,2,3853.44
2023-01-30,49,Books,348.45,1,73,3,348.45
2023-01-31,91,Books,636.3,8,141,4,5090.4
2023-02-01,59,Clothing,932.71,7,70,3,6528.97
2023-02-02,42,Home,111.48,7,262,4,780.36
2023-02-03,92,Clothing,937.86,3,340,5,2813.58
2023-02-04,60,Clothing,691.01,4,308,2,2764.04
2023-02-05,80,Clothing,77.16,10,245,1,771.5999999999999
2023-02-06,15,Home,307.95,9,3,4,2771.5499999999997
2023-02-07,62,Books,711.09,6,337,4,4266.54
2023-02-08,62,Home,76.68,5,63,3,383.40000000000003
2023-02-09,47,Electronics,586.35,3,49,5,1759.0500000000002
2023-02-10,62,Home,352.42,9,76,3,3171.78
2023-02-11,51,Home,624.71,5,368,3,3123.55
2023-02-12,55,Home,55.28,5,175,5,276.4
2023-02-13,64,Home,872.82,4,109,1,3491.28
2023-02-14,3,Books,973.75,4,183,3,3895.0
2023-02-15,51,Electronics,969.19,1,192,3,969.19
2023-02-16,7,Books,752.16,7,65,4,5265.12
2023-02-17,21,Books,138.79,9,337,5,1249.11
2023-02-18,73,Home,760.68,3,451,2,2282.04
2023-02-19,39,Clothing,34.34,2,474,1,68.68
2023-02-20,18,Clothing,31.9,3,271,1,95.69999999999999
2023-02-21,4,Books,330.37,1,100,5,330.37
2023-02-22,89,Books,493.76,6,32,4,2962.56
2023-02-23,60,Home,772.7,7,352,4,5408.900000000001
2023-02-24,14,Books,686.46,2,128,5,1372.92
2023-02-25,9,Home,451.44,8,452,4,3611.52
2023-02-26,90,Clothing,280.89,6,402,1,1685.34
2023-02-27,53,Clothing,997.15,4,369,1,3988.6
2023-02-28,2,Electronics,431.92,5,339,2,2159.6
2023-03-01,84,Clothing,456.87,8,43,5,3654.96
2023-03-02,92,Books,171.99,3,372,3,515.97
2023-03-03,60,Clothing,796.86,3,419,3,2390.58
2023-03-04,71,Home,696.75,4,488,2,2787.0
2023-03-05,44,Clothing,228.56,1,78,2,228.56
2023-03-06,8,Electronics,91.56,9,314,4,824.04
2023-03-07,47,Clothing,683.69,8,289,2,5469.52
2023-03-08,35,Home,657.97,8,270,2,5263.76
2023-03-09,78,Home,280.53,10,162,3,2805.2999999999997
2023-03-10,81,Books,951.35,6,189,4,5708.1
2023-03-11,36,Clothing,159.55,7,247,2,1116.8500000000001
2023-03-12,50,Home,438.01,6,388,2,2628.06
2023-03-13,4,Electronics,944.18,9,216,4,8497.619999999999
2023-03-14,2,Books,425.53,3,315,5,1276.59
2023-03-15,6,Electronics,642.14,3,413,4,1926.42
2023-03-16,54,Clothing,403.62,3,339,3,1210.8600000000001
2023-03-17,4,Clothing,281.47,10,390,5,2814.7000000000003
2023-03-18,54,Clothing,984.14,3,377,1,2952.42
2023-03-19,93,Books,415.24,9,481,4,3737.16
2023-03-20,63,Home,895.16,4,433,3,3580.64
2023-03-21,18,Books,237.66,7,168,5,1663.62
2023-03-22,90,Electronics,220.97,9,339,4,1988.73
2023-03-23,44,Books,40.82,7,193,2,285.74
2023-03-24,34,Electronics,655.15,9,453,4,5896.349999999999
2023-03-25,74,Books,374.84,3,283,1,1124.52
2023-03-26,62,Home,865.71,4,336,4,3462.84
2023-03-27,100,Electronics,478.48,8,390,5,3827.84
2023-03-28,14,Clothing,968.51,6,488,5,5811.0599999999995
2023-03-29,95,Clothing,193.67,5,13,4,968.3499999999999
2023-03-30,48,Books,869.94,4,240,5,3479.76
2023-03-31,15,Clothing,778.83,8,320,2,6230.64
2023-04-01,72,Electronics,773.21,1,446,4,773.21
2023-04-02,78,Clothing,846.34,9,483,2,7617.06
2023-04-03,87,Home,763.41,1,147,2,763.41
2023-04-04,62,Home,629.96,8,204,3,5039.68
2023-04-05,40,Books,139.93,4,80,4,559.72
2023-04-06,85,Electronics,42.2,9,379,5,379.8
2023-04-07,80,Home,921.64,5,43,2,4608.2
2023-04-08,82,Home,620.48,3,458,3,1861.44
2023-04-09,53,Electronics,798.57,9,89,4,7187.13
2023-04-10,24,Clothing,486.71,9,148,4,4380.389999999999
2023-04-11,26,Clothing,126.14,4,95,1,504.56
2023-04-12,89,Books,133.93,4,452,1,535.72
2023-04-13,60,Clothing,688.71,8,428,2,5509.68
2023-04-14,41,Electronics,436.0,2,151,1,872.0
2023-04-15,29,Home,208.52,9,2,2,1876.68
2023-04-16,15,Clothing,496.68,6,376,5,2980.08
2023-04-17,45,Books,73.57,9,22,2,662.1299999999999
2023-04-18,65,Clothing,586.15,8,371,1,4689.2
2023-04-19,89,Electronics,276.3,7,313,5,1934.1000000000001
2023-04-20,71,Books,799.58,1,485,1,799.58
2023-04-21,9,Clothing,317.26,3,328,2,951.78
2023-04-22,88,Books,460.67,2,7,3,921.34
2023-04-23,1,Electronics,21.5,5,206,4,107.5
2023-04-24,8,Home,81.72,5,440,1,408.6
2023-04-25,88,Electronics,398.57,5,375,2,1992.85
2023-04-26,63,Electronics,485.14,4,451,5,1940.56
2023-04-27,11,Electronics,604.02,5,114,1,3020.1
2023-04-28,81,Electronics,298.75,3,272,1,896.25
2023-04-29,8,Home,698.03,1,83,4,698.03
2023-04-30,35,Home,861.52,5,179,2,4307.6
2023-05-01,35,Books,782.05,9,210,3,7038.45
2023-05-02,33,Clothing,49.22,9,500,5,442.98
2023-05-03,5,Home,485.7,4,464,2,1942.8
2023-05-04,41,Home,113.88,3,328,5,341.64
2023-05-05,28,Clothing,249.62,1,124,1,249.62
2023-05-06,7,Home,986.8,2,481,4,1973.6
2023-05-07,73,Electronics,151.07,8,113,4,1208.56
2023-05-08,72,Electronics,503.9,1,12,3,503.9
2023-05-09,12,Clothing,621.97,8,126,4,4975.76
2023-05-10,34,Books,705.44,7,53,1,4938.08
2023-05-11,33,Books,564.05,8,331,3,4512.4
2023-05-12,48,Clothing,19.67,6,389,2,118.02000000000001
2023-05-13,23,Clothing,333.2,9,283,4,2998.7999999999997
2023-05-14,62,Electronics,522.53,3,140,3,1567.59
2023-05-15,88,Books,96.99,10,401,1,969.9
2023-05-16,37,Home,357.12,4,390,5,1428.48
2023-05-17,99,Electronics,42.87,6,97,5,257.21999999999997
2023-05-18,44,Clothing,87.79,8,5,1,702.32
2023-05-19,86,Books,402.95,5,57,1,2014.75
2023-05-20,91,Home,141.39,3,412,5,424.16999999999996
2023-05-21,35,Home,571.87,6,334,3,3431.2200000000003
2023-05-22,65,Electronics,692.57,4,69,5,2770.28
2023-05-23,99,Books,802.58,9,118,1,7223.22
2023-05-24,47,Books,208.15,3,376,4,624.45
2023-05-25,78,Clothing,175.81,4,59,2,703.24
2023-05-26,3,Books,113.52,7,33,4,794.64
2023-05-27,1,Books,640.07,7,318,4,4480.490000000001
2023-05-28,5,Electronics,709.41,4,50,1,2837.64
2023-05-29,90,Books,41.27,6,368,5,247.62
2023-05-30,14,Home,936.85,3,489,3,2810.55
2023-05-31,27,Electronics,61.45,6,19,4,368.70000000000005
2023-06-01,9,Electronics,545.88,2,214,5,1091.76
2023-06-02,79,Clothing,711.97,8,197,3,5695.76
2023-06-03,15,Books,872.26,2,379,4,1744.52
2023-06-04,90,Clothing,716.95,7,450,3,5018.650000000001
2023-06-05,42,Home,803.71,9,478,5,7233.39
2023-06-06,77,Electronics,346.06,1,47,2,346.06
2023-06-07,51,Electronics,816.68,8,167,5,6533.44
2023-06-08,63,Electronics,89.31,7,452,1,625.1700000000001
2023-06-09,96,Home,895.87,6,289,3,5375.22
2023-06-10,52,Home,552.12,6,141,2,3312.7200000000003
2023-06-11,96,Clothing,819.12,6,84,3,4914.72
2023-06-12,4,Clothing,457.8,9,182,3,4120.2
2023-06-13,94,Clothing,647.14,2,391,4,1294.28
2023-06-14,23,Books,531.14,1,79,1,531.14
2023-06-15,15,Electronics,734.27,6,215,3,4405.62
2023-06-16,43,Electronics,90.81,10,14,5,908.1
2023-06-17,29,Clothing,69.75,8,215,5,558.0
2023-06-18,36,Electronics,254.63,3,403,4,763.89
2023-06-19,13,Clothing,167.95,10,128,1,1679.5
2023-06-20,32,Books,873.07,1,310,1,873.07
2023-06-21,71,Books,227.02,9,477,5,2043.18
2023-06-22,59,Home,976.11,1,248,2,976.11
2023-06-23,86,Books,343.53,3,404,4,1030.59
2023-06-24,28,Clothing,190.3,8,29,4,1522.4
2023-06-25,66,Books,791.8,3,280,5,2375.3999999999996
2023-06-26,42,Home,662.12,4,338,5,2648.48
2023-06-27,45,Electronics,503.21,8,319,2,4025.68
2023-06-28,62,Clothing,559.81,1,202,2,559.81
2023-06-29,57,Electronics,722.01,6,361,1,4332.0599999999995
2023-06-30,6,Home,236.17,1,57,4,236.17
2023-07-01,28,Home,996.37,1,392,4,996.37
2023-07-02,28,Home,975.05,8,218,5,7800.4
2023-07-03,44,Electronics,653.82,4,62,1,2615.28
2023-07-04,84,Electronics,207.55,1,157,4,207.55
2023-07-05,30,Electronics,683.43,10,202,1,6834.299999999999
2023-07-06,62,Electronics,81.48,7,17,1,570.36
2023-07-07,75,Home,40.35,5,322,5,201.75
2023-07-08,92,Home,265.11,5,6,1,1325.5500000000002
2023-07-09,89,Clothing,468.0,1,58,2,468.0
2023-07-10,62,Clothing,869.59,10,325,2,8695.9
2023-07-11,97,Electronics,729.9,6,412,3,4379.4
2023-07-12,1,Books,745.28,9,318,5,6707.5199999999995
2023-07-13,27,Books,431.24,9,169,3,3881.16
2023-07-14,62,Home,352.48,8,453,2,2819.84
2023-07-15,77,Home,377.33,5,82,3,1886.6499999999999
2023-07-16,3,Home,987.77,1,474,5,987.77
2023-07-17,70,Clothing,49.71,9,468,5,447.39
2023-07-18,72,Clothing,868.36,1,425,1,868.36
2023-07-19,27,Home,582.89,8,433,4,4663.12
2023-07-20,9,Home,444.23,5,219,1,2221.15
2023-07-21,62,Home,728.01,3,177,5,2184.0299999999997
2023-07-22,37,Books,491.8,7,204,2,3442.6
2023-07-23,97,Clothing,874.69,7,71,2,6122.83
2023-07-24,51,Books,901.69,9,387,1,8115.210000000001
2023-07-25,44,Books,427.5,7,266,5,2992.5
2023-07-26,24,Home,284.06,3,98,2,852.1800000000001
2023-07-27,79,Home,596.43,1,345,5,596.43
2023-07-28,59,Electronics,913.24,8,291,2,7305.92
2023-07-29,32,Electronics,218.56,3,208,5,655.6800000000001
2023-07-30,96,Books,626.74,8,2,3,5013.92
2023-07-31,88,Clothing,635.24,8,124,5,5081.92
2023-08-01,52,Home,735.78,5,280,5,3678.8999999999996
2023-08-02,62,Home,140.25,1,74,1,140.25
2023-08-03,58,Books,718.67,10,166,3,7186.7
2023-08-04,52,Electronics,909.94,7,22,4,6369.58
2023-08-05,12,Clothing,187.89,10,154,1,1878.8999999999999
2023-08-06,39,Electronics,245.17,5,427,4,1225.85
2023-08-07,2,Electronics,971.68,8,439,2,7773.44
2023-08-08,3,Electronics,189.17,9,295,4,1702.53
2023-08-09,56,Electronics,855.84,7,219,5,5990.88
2023-08-10,81,Home,497.36,7,157,4,3481.52
2023-08-11,59,Home,254.76,1,495,1,254.76
2023-08-12,2,Electronics,872.04,4,230,1,3488.16
2023-08-13,2,Clothing,450.85,2,20,4,901.7
2023-08-14,92,Books,519.67,2,475,1,1039.34
2023-08-15,54,Clothing,365.64,2,41,1,731.28
2023-08-16,87,Clothing,597.02,4,438,4,2388.08
2023-08-17,96,Clothing,171.89,1,148,3,171.89
2023-08-18,97,Electronics,397.17,4,108,3,1588.68
2023-08-19,1,Home,969.72,2,403,2,1939.44
2023-08-20,19,Clothing,265.55,5,84,1,1327.75
2023-08-21,2,Electronics,660.17,3,483,4,1980.5099999999998
2023-08-22,53,Clothing,331.94,8,367,1,2655.52
2023-08-23,44,Clothing,775.74,4,322,5,3102.96
2023-08-24,90,Electronics,139.56,1,414,1,139.56
2023-08-25,32,Home,970.12,1,309,1,970.12
2023-08-26,70,Home,459.25,10,290,3,4592.5
2023-08-27,32,Books,243.69,3,406,4,731.0699999999999
2023-08-28,68,Electronics,82.76,9,323,1,744.84
2023-08-29,55,Books,178.06,7,134,3,1246.42
2023-08-30,75,Books,524.58,2,207,2,1049.16
2023-08-31,56,Books,343.63,9,283,3,3092.67
2023-09-01,17,Home,830.59,10,266,3,8305.9
2023-09-02,38,Electronics,436.58,2,73,3,873.16
2023-09-03,24,Books,256.23,3,481,1,768.69
2023-09-04,69,Electronics,620.97,10,352,1,6209.700000000001
2023-09-05,98,Electronics,709.71,2,48,2,1419.42
2023-09-06,70,Home,175.37,3,326,5,526.11
2023-09-07,86,Books,175.94,6,233,5,1055.6399999999999
2023-09-08,11,Books,46.3,9,443,5,416.7
2023-09-09,16,Electronics,739.04,9,100,2,6651.36
2023-09-10,97,Clothing,667.17,7,59,5,4670.19
2023-09-11,73,Home,479.88,3,258,5,1439.6399999999999
2023-09-12,59,Home,845.73,4,413,3,3382.92
2023-09-13,70,Home,807.61,6,452,1,4845.66
2023-09-14,80,Home,589.5,5,65,1,2947.5
2023-09-15,93,Books,869.59,2,83,3,1739.18
2023-09-16,3,Books,213.78,6,154,3,1282.68
2023-09-17,20,Clothing,120.8,3,473,3,362.4
2023-09-18,59,Home,277.05,8,266,1,2216.4
2023-09-19,36,Home,66.52,2,309,5,133.04
2023-09-20,19,Electronics,535.86,1,79,3,535.86
2023-09-21,90,Books,937.24,9,315,2,8435.16
2023-09-22,67,Home,48.95,3,150,3,146.85000000000002
2023-09-23,19,Clothing,130.89,1,435,4,130.89
2023-09-24,20,Clothing,457.68,7,48,3,3203.76
2023-09-25,96,Books,934.54,10,405,1,9345.4
2023-09-26,71,Clothing,322.99,5,379,3,1614.95
2023-09-27,52,Clothing,512.16,5,248,4,2560.7999999999997
2023-09-28,33,Books,51.16,1,278,2,51.16
2023-09-29,40,Home,156.86,9,356,5,1411.7400000000002
2023-09-30,39,Home,986.76,7,98,3,6907.32
2023-10-01,82,Clothing,965.47,8,414,4,7723.76
2023-10-02,1,Clothing,14.89,9,25,4,134.01
2023-10-03,11,Home,952.29,6,493,2,5713.74
2023-10-04,92,Books,642.73,5,284,1,3213.65
2023-10-05,57,Clothing,869.24,6,449,3,5215.4400000000005
2023-10-06,89,Electronics,460.19,2,369,4,920.38
2023-10-07,50,Books,520.44,4,301,2,2081.76
2023-10-08,23,Clothing,493.96,3,68,5,1481.8799999999999
2023-10-09,31,Clothing,670.2,7,7,4,4691.400000000001
2023-10-10,94,Electronics,148.25,9,305,2,1334.25
2023-10-11,42,Electronics,39.67,5,137,1,198.35000000000002
2023-10-12,99,Home,314.85,6,164,1,1889.1000000000001
2023-10-13,7,Books,707.63,10,83,4,7076.3
2023-10-14,16,Books,209.83,2,385,4,419.66
2023-10-15,90,Home,676.7,3,138,3,2030.1000000000001
2023-10-16,60,Books,970.21,3,420,2,2910.63
2023-10-17,2,Books,102.96,9,73,4,926.64
2023-10-18,1,Books,675.88,7,237,3,4731.16
2023-10-19,48,Books,449.31,8,46,3,3594.48
2023-10-20,12,Books,869.46,10,106,4,8694.6
2023-10-21,69,Electronics,185.38,9,416,1,1668.42
2023-10-22,37,Books,695.7,6,288,2,4174.200000000001
2023-10-23,32,Electronics,839.73,4,262,2,3358.92
2023-10-24,9,Books,945.17,1,176,1,945.17
2023-10-25,99,Home,686.42,8,166,4,5491.36
2023-10-26,19,Clothing,502.2,7,145,2,3515.4
2023-10-27,48,Electronics,621.67,2,330,4,1243.34
2023-10-28,80,Books,870.22,8,370,4,6961.76
2023-10-29,3,Home,574.9,5,283,3,2874.5
2023-10-30,20,Clothing,40.08,7,54,1,280.56
2023-10-31,24,Electronics,931.64,4,178,4,3726.56
2023-11-01,54,Clothing,692.63,5,419,5,3463.15
2023-11-02,33,Home,679.75,8,244,1,5438.0
2023-11-03,24,Electronics,223.52,1,341,2,223.52
2023-11-04,75,Clothing,662.3,1,127,3,662.3
2023-11-05,72,Books,399.93,4,409,2,1599.72
2023-11-06,36,Electronics,654.72,3,412,2,1964.16
2023-11-07,38,Clothing,115.53,10,367,1,1155.3
2023-11-08,84,Home,661.27,2,271,2,1322.54
2023-11-09,99,Home,999.42,3,132,4,2998.2599999999998
2023-11-10,89,Electronics,57.73,1,93,2,57.73
2023-11-11,99,Clothing,977.4,1,379,3,977.4
2023-11-12,25,Electronics,412.84,6,73,3,2477.04
2023-11-13,93,Electronics,872.05,5,411,5,4360.25
2023-11-14,18,Clothing,784.56,8,410,3,6276.48
2023-11-15,82,Clothing,571.35,2,403,2,1142.7
2023-11-16,66,Books,741.06,4,248,3,2964.24
2023-11-17,54,Clothing,879.73,8,348,1,7037.84
2023-11-18,35,Home,410.1,6,273,3,2460.6000000000004
2023-11-19,80,Electronics,333.76,1,43,4,333.76
2023-11-20,61,Electronics,670.92,4,377,1,2683.68
2023-11-21,41,Home,809.77,1,41,5,809.77
2023-11-22,100,Clothing,764.66,2,170,4,1529.32
2023-11-23,33,Home,799.84,5,434,2,3999.2000000000003
2023-11-24,68,Home,441.23,8,212,2,3529.84
2023-11-25,33,Books,819.66,8,493,2,6557.28
2023-11-26,14,Home,129.01,3,168,4,387.03
2023-11-27,21,Electronics,549.04,4,39,4,2196.16
2023-11-28,48,Home,15.7,10,369,4,157.0
2023-11-29,20,Electronics,331.34,6,245,1,1988.04
2023-11-30,8,Electronics,372.8,10,151,1,3728.0
2023-12-01,7,Electronics,402.21,3,111,2,1206.6299999999999
2023-12-02,67,Clothing,698.51,2,480,3,1397.02
2023-12-03,17,Books,394.67,6,436,2,2368.02
2023-12-04,33,Electronics,454.21,5,47,5,2271.0499999999997
2023-12-05,48,Electronics,245.17,10,63,1,2451.7
2023-12-06,76,Clothing,379.52,5,225,4,1897.6
2023-12-07,59,Electronics,235.0,10,366,1,2350.0
2023-12-08,86,Home,82.46,5,69,4,412.29999999999995
2023-12-09,22,Home,607.41,10,299,5,6074.099999999999
2023-12-10,30,Books,671.53,5,432,5,3357.6499999999996
2023-12-11,38,Electronics,623.3,3,290,1,1869.8999999999999
2023-12-12,51,Clothing,468.86,7,296,4,3282.02
2023-12-13,54,Home,385.99,6,203,5,2315.94
2023-12-14,8,Clothing,864.7,4,61,2,3458.8
2023-12-15,27,Clothing,523.89,2,434,2,1047.78
2023-12-16,27,Home,484.39,9,451,4,4359.51
2023-12-17,98,Clothing,35.39,1,318,1,35.39
2023-12-18,21,Home,347.84,4,314,5,1391.36
2023-12-19,30,Clothing,386.39,1,161,1,386.39
2023-12-20,97,Home,404.83,6,331,2,2428.98
2023-12-21,28,Electronics,584.37,4,16,5,2337.48
2023-12-22,64,Books,538.27,5,338,1,2691.35
2023-12-23,97,Home,611.83,5,94,3,3059.15
2023-12-24,69,Home,767.23,9,304,4,6905.07
2023-12-25,61,Books,814.86,1,138,4,814.86
2023-12-26,48,Home,720.94,2,338,3,1441.88
2023-12-27,19,Home,955.97,6,38,2,5735.82
2023-12-28,4,Clothing,28.05,5,127,5,140.25
2023-12-29,35,Books,203.82,7,275,4,1426.74
2023-12-30,64,Electronics,17.49,3,164,3,52.47
2023-12-31,49,Home,651.0,3,443,3,1953.0
2024-01-01,17,Books,899.05,10,319,2,8990.5
2024-01-02,44,Clothing,251.05,2,77,2,502.1
2024-01-03,92,Electronics,927.76,3,174,1,2783.2799999999997
2024-01-04,30,Books,69.66,10,387,4,696.5999999999999
2024-01-05,93,Electronics,935.09,1,458,1,935.09
2024-01-06,46,Electronics,358.11,5,358,3,1790.5500000000002
2024-01-07,6,Electronics,110.41,5,321,5,552.05
2024-01-08,99,Home,491.01,7,376,5,3437.0699999999997
2024-01-09,37,Home,264.21,4,91,2,1056.84
2024-01-10,24,Clothing,292.02,3,238,5,876.06
2024-01-11,93,Clothing,314.22,1,264,5,314.22
2024-01-12,46,Books,805.0,8,179,5,6440.0
2024-01-13,53,Clothing,543.77,3,494,3,1631.31
2024-01-14,95,Electronics,318.19,2,490,5,636.38
2024-01-15,99,Electronics,614.23,4,209,5,2456.92
2024-01-16,60,Home,718.99,3,73,5,2156.9700000000003
2024-01-17,97,Electronics,279.9,1,390,1,279.9
2024-01-18,63,Books,419.41,3,107,3,1258.23
2024-01-19,85,Electronics,130.67,2,345,2,261.34
2024-01-20,32,Electronics,189.34,8,295,1,1514.72
2024-01-21,87,Books,684.31,6,369,4,4105.86
2024-01-22,33,Clothing,189.62,9,444,3,1706.58
2024-01-23,67,Clothing,529.91,8,284,3,4239.28
2024-01-24,18,Books,711.96,10,353,4,7119.6
2024-01-25,25,Home,115.81,3,182,4,347.43
2024-01-26,95,Electronics,571.64,5,37,4,2858.2
2024-01-27,54,Books,264.0,7,137,2,1848.0
2024-01-28,58,Electronics,963.3,5,338,5,4816.5
2024-01-29,67,Home,488.71,8,56,3,3909.68
2024-01-30,46,Electronics,807.93,5,187,5,4039.6499999999996
2024-01-31,24,Books,554.72,1,341,5,554.72
2024-02-01,32,Electronics,52.98,5,258,4,264.9
2024-02-02,47,Clothing,636.82,4,445,2,2547.28
2024-02-03,86,Home,951.89,6,58,1,5711.34
2024-02-04,23,Home,605.6,3,363,2,1816.8000000000002
2024-02-05,66,Home,821.0,5,123,5,4105.0
2024-02-06,27,Books,885.36,2,188,2,1770.72
2024-02-07,2,Home,235.8,6,230,4,1414.8000000000002
2024-02-08,90,Clothing,219.92,6,168,1,1319.52
2024-02-09,17,Books,614.87,5,420,4,3074.35
2024-02-10,33,Clothing,416.92,6,114,1,2501.52
2024-02-11,9,Electronics,841.46,7,252,5,5890.22
2024-02-12,43,Electronics,901.02,5,107,1,4505.1
2024-02-13,48,Electronics,359.89,1,37,1,359.89
2024-02-14,39,Electronics,244.5,8,335,1,1956.0
2024-02-15,93,Clothing,782.72,4,92,2,3130.88
2024-02-16,42,Books,282.06,9,18,2,2538.54
2024-02-17,26,Books,824.39,10,354,5,8243.9
2024-02-18,99,Home,429.5,6,63,1,2577.0
2024-02-19,50,Clothing,670.87,1,150,3,670.87
2024-02-20,25,Electronics,104.58,3,139,5,313.74
2024-02-21,24,Clothing,627.62,3,186,1,1882.8600000000001
2024-02-22,13,Home,457.25,10,185,1,4572.5
2024-02-23,60,Home,590.74,4,205,2,2362.96
2024-02-24,7,Clothing,176.33,6,260,5,1057.98
2024-02-25,57,Clothing,739.51,7,214,1,5176.57
2024-02-26,36,Clothing,864.17,10,256,1,8641.699999999999
2024-02-27,45,Books,224.57,4,135,5,898.28
2024-02-28,20,Electronics,104.76,6,61,3,628.5600000000001
2024-02-29,65,Clothing,33.4,1,363,5,33.4
2024-03-01,8,Clothing,645.55,8,310,5,5164.4
2024-03-02,16,Clothing,611.02,7,88,3,4277.139999999999
2024-03-03,14,Home,551.23,9,324,5,4961.07
2024-03-04,76,Home,239.63,3,476,1,718.89
2024-03-05,87,Books,397.0,2,207,5,794.0
2024-03-06,15,Electronics,598.53,1,129,3,598.53
2024-03-07,92,Books,501.8,3,311,4,1505.4
2024-03-08,98,Electronics,987.91,5,3,5,4939.55
2024-03-09,66,Home,145.08,2,462,2,290.16
2024-03-10,32,Home,698.19,3,422,1,2094.57
2024-03-11,87,Home,410.28,4,242,1,1641.12
2024-03-12,63,Books,433.92,7,121,2,3037.44
2024-03-13,86,Clothing,720.42,3,385,2,2161.2599999999998
2024-03-14,51,Clothing,695.51,9,102,5,6259.59
2024-03-15,25,Home,991.34,8,38,2,7930.72
2024-03-16,58,Clothing,137.11,4,341,4,548.44
2024-03-17,63,Clothing,113.07,1,496,3,113.07
2024-03-18,62,Books,727.1,1,413,2,727.1
2024-03-19,22,Electronics,582.6,1,133,2,582.6
2024-03-20,58,Home,281.42,1,497,4,281.42
2024-03-21,58,Home,88.63,8,202,1,709.04
2024-03-22,86,Books,94.8,3,348,1,284.4
2024-03-23,49,Books,895.25,6,21,5,5371.5
2024-03-24,52,Clothing,199.95,3,242,4,599.8499999999999
2024-03-25,42,Home,330.14,5,455,3,1650.6999999999998
2024-03-26,70,Electronics,234.39,7,451,3,1640.73
2024-03-27,15,Books,361.45,2,109,4,722.9
2024-03-28,54,Electronics,78.73,6,303,3,472.38
2024-03-29,60,Electronics,523.87,6,84,1,3143.2200000000003
2024-03-30,97,Home,76.94,3,83,3,230.82
2024-03-31,8,Home,802.35,6,291,3,4814.1
2024-04-01,53,Books,241.37,10,452,4,2413.7
2024-04-02,60,Home,544.61,10,69,4,5446.1
2024-04-03,5,Home,881.28,5,129,3,4406.4
2024-04-04,68,Home,654.37,2,196,2,1308.74
2024-04-05,6,Electronics,537.63,9,140,4,4838.67
2024-04-06,96,Books,331.09,8,444,5,2648.72
2024-04-07,94,Clothing,339.67,3,283,5,1019.01
2024-04-08,47,Electronics,672.79,8,312,1,5382.32
2024-04-09,99,Home,994.2,9,234,3,8947.800000000001
2024-04-10,55,Electronics,665.22,3,23,2,1995.66
2024-04-11,40,Home,562.21,3,153,1,1686.63
2024-04-12,52,Home,733.34,2,277,3,1466.68
2024-04-13,16,Electronics,470.55,8,61,4,3764.4
2024-04-14,13,Books,69.54,10,319,5,695.4000000000001
2024-04-15,30,Home,566.67,1,378,2,566.67
2024-04-16,19,Books,958.05,8,52,5,7664.4
2024-04-17,17,Clothing,183.55,7,344,4,1284.8500000000001
2024-04-18,63,Home,693.1,7,153,3,4851.7
2024-04-19,19,Books,208.92,3,237,4,626.76
2024-04-20,92,Books,540.47,1,311,4,540.47
2024-04-21,58,Clothing,105.71,4,302,5,422.84
2024-04-22,55,Books,455.87,9,32,2,4102.83
2024-04-23,90,Books,758.6,5,55,4,3793.0
2024-04-24,90,Clothing,354.1,1,352,5,354.1
2024-04-25,62,Home,668.26,5,389,2,3341.3
2024-04-26,23,Books,797.5,8,36,3,6380.0
2024-04-27,9,Books,927.91,8,110,3,7423.28
2024-04-28,12,Books,242.3,5,490,1,1211.5
2024-04-29,1,Electronics,405.32,9,177,5,3647.88
2024-04-30,58,Clothing,160.89,1,362,2,160.89
2024-05-01,1,Electronics,992.56,4,314,4,3970.24
2024-05-02,34,Clothing,927.73,3,295,3,2783.19
2024-05-03,96,Home,544.56,2,336,2,1089.12
2024-05-04,48,Home,843.61,8,97,5,6748.88
2024-05-05,89,Books,525.75,7,369,1,3680.25
2024-05-06,1,Clothing,627.35,9,213,3,5646.150000000001
2024-05-07,16,Home,98.23,2,317,2,196.46
2024-05-08,61,Clothing,757.72,4,137,2,3030.88
2024-05-09,64,Home,136.44,6,6,2,818.64
2024-05-10,63,Electronics,827.81,3,499,5,2483.43
2024-05-11,69,Home,784.21,8,109,5,6273.68
2024-05-12,22,Electronics,711.66,3,35,5,2134.98
2024-05-13,93,Home,45.8,2,39,4,91.6
2024-05-14,67,Books,310.1,3,150,2,930.3000000000001
2024-05-15,76,Electronics,270.48,6,425,3,1622.88
2024-05-16,26,Home,366.54,2,118,5,733.08
2024-05-17,16,Books,96.77,8,261,5,774.16
2024-05-18,51,Electronics,937.59,1,426,2,937.59
2024-05-19,86,Books,558.26,7,87,5,3907.8199999999997
2024-05-20,57,Clothing,312.47,2,465,4,624.94
2024-05-21,29,Clothing,403.01,10,76,4,4030.1
2024-05-22,78,Electronics,452.73,6,471,5,2716.38
2024-05-23,92,Home,604.59,2,464,2,1209.18
2024-05-24,69,Electronics,520.52,2,451,2,1041.04
2024-05-25,47,Books,920.2,10,414,2,9202.0
2024-05-26,94,Home,501.99,8,313,1,4015.92
2024-05-27,62,Clothing,992.24,2,383,5,1984.48
2024-05-28,69,Home,852.91,7,214,2,5970.37
2024-05-29,76,Clothing,216.43,3,457,4,649.29
2024-05-30,16,Home,931.29,8,285,3,7450.32
2024-05-31,90,Home,125.2,7,239,3,876.4
2024-06-01,90,Home,819.28,8,165,2,6554.24
2024-06-02,48,Books,386.82,7,87,3,2707.74
2024-06-03,85,Books,879.19,6,141,3,5275.14
2024-06-04,39,Electronics,869.38,7,160,1,6085.66
2024-06-05,100,Electronics,807.87,5,46,4,4039.35
2024-06-06,33,Clothing,792.13,7,372,4,5544.91
2024-06-07,94,Books,311.63,1,495,1,311.63
2024-06-08,23,Clothing,90.11,1,112,1,90.11
2024-06-09,10,Electronics,408.95,9,407,3,3680.5499999999997
2024-06-10,69,Clothing,181.79,5,45,5,908.9499999999999
2024-06-11,100,Electronics,698.0,5,401,3,3490.0
2024-06-12,34,Books,352.64,3,247,1,1057.92
2024-06-13,52,Home,975.85,5,104,4,4879.25
2024-06-14,95,Books,644.56,3,85,3,1933.6799999999998
2024-06-15,10,Clothing,824.26,9,450,5,7418.34
2024-06-16,19,Clothing,141.2,9,485,3,1270.8
2024-06-17,58,Books,863.39,6,134,2,5180.34
2024-06-18,96,Books,923.53,1,108,3,923.53
2024-06-19,1,Electronics,492.19,7,18,1,3445.33
2024-06-20,69,Clothing,610.19,7,94,4,4271.33
2024-06-21,4,Clothing,767.16,10,150,4,7671.599999999999
2024-06-22,16,Books,183.09,10,246,1,1830.9
2024-06-23,24,Home,507.54,4,289,2,2030.16
2024-06-24,80,Clothing,404.68,8,414,1,3237.44
2024-06-25,2,Home,154.91,6,209,3,929.46
2024-06-26,92,Books,373.86,4,126,1,1495.44
2024-06-27,32,Books,77.49,4,235,1,309.96
2024-06-28,91,Electronics,35.55,2,416,2,71.1
2024-06-29,84,Clothing,143.81,2,426,3,287.62
2024-06-30,24,Home,963.48,4,499,5,3853.92
2024-07-01,12,Electronics,554.03,5,462,5,2770.1499999999996
2024-07-02,50,Clothing,966.16,8,122,4,7729.28
2024-07-03,35,Electronics,438.17,6,138,1,2629.02
2024-07-04,33,Books,318.7,4,495,4,1274.8
2024-07-05,33,Clothing,511.08,7,115,2,3577.56
2024-07-06,61,Electronics,445.12,8,420,5,3560.96
2024-07-07,51,Electronics,114.61,2,162,1,229.22
2024-07-08,43,Home,644.42,7,201,2,4510.94
2024-07-09,12,Electronics,223.88,2,234,2,447.76
2024-07-10,67,Clothing,623.39,2,28,1,1246.78
2024-07-11,65,Clothing,653.7,8,11,2,5229.6
2024-07-12,33,Home,160.5,2,206,1,321.0
2024-07-13,40,Clothing,70.74,9,167,1,636.66
2024-07-14,74,Books,782.95,1,247,3,782.95
2024-07-15,43,Clothing,465.2,9,47,4,4186.8
2024-07-16,44,Clothing,67.58,1,246,2,67.58
2024-07-17,29,Electronics,994.92,10,127,2,9949.199999999999
2024-07-18,13,Electronics,67.2,10,147,3,672.0
2024-07-19,12,Clothing,698.08,2,118,3,1396.16
2024-07-20,95,Home,983.84,6,399,3,5903.04
2024-07-21,46,Electronics,246.79,6,382,5,1480.74
2024-07-22,2,Home,150.83,1,412,5,150.83
2024-07-23,35,Clothing,130.17,7,152,5,911.1899999999999
2024-07-24,87,Clothing,310.24,8,72,1,2481.92
2024-07-25,81,Books,110.04,2,363,2,220.08
2024-07-26,90,Electronics,695.24,8,137,4,5561.92
2024-07-27,8,Clothing,71.67,9,175,1,645.03
2024-07-28,93,Books,514.33,6,289,2,3085.9800000000005
2024-07-29,26,Electronics,996.73,5,446,2,4983.65
2024-07-30,74,Clothing,815.83,9,481,3,7342.47
2024-07-31,90,Clothing,619.07,9,19,3,5571.63
2024-08-01,34,Electronics,313.19,1,195,1,313.19
2024-08-02,7,Electronics,627.66,3,330,3,1882.98
2024-08-03,68,Electronics,531.77,9,424,2,4785.93
2024-08-04,58,Clothing,431.82,2,175,3,863.64
2024-08-05,75,Clothing,139.4,4,490,5,557.6
2024-08-06,29,Books,887.74,4,449,3,3550.96
2024-08-07,36,Home,455.29,2,413,2,910.58
2024-08-08,89,Electronics,202.68,3,434,1,608.04
2024-08-09,21,Clothing,374.08,3,354,4,1122.24
2024-08-10,36,Clothing,419.99,1,499,3,419.99
2024-08-11,10,Electronics,829.26,6,141,2,4975.5599999999995
2024-08-12,73,Home,736.28,8,246,4,5890.24
2024-08-13,24,Electronics,771.61,3,385,4,2314.83
2024-08-14,64,Home,20.92,5,418,5,104.60000000000001
2024-08-15,99,Clothing,421.99,1,93,4,421.99
2024-08-16,49,Home,486.53,10,432,2,4865.299999999999
2024-08-17,99,Books,29.0,7,239,2,203.0
2024-08-18,36,Clothing,267.22,10,205,3,2672.2000000000003
2024-08-19,82,Books,762.69,1,48,3,762.69
2024-08-20,96,Electronics,145.74,9,433,3,1311.66
2024-08-21,24,Electronics,539.96,8,245,4,4319.68
2024-08-22,23,Electronics,223.05,7,320,4,1561.3500000000001
2024-08-23,62,Home,22.0,10,317,5,220.0
2024-08-24,96,Clothing,248.79,7,413,3,1741.53
2024-08-25,37,Electronics,976.12,5,295,1,4880.6
2024-08-26,12,Electronics,803.52,5,128,5,4017.6
2024-08-27,55,Clothing,959.98,5,344,1,4799.9
2024-08-28,13,Electronics,492.98,1,282,4,492.98
2024-08-29,23,Books,118.64,8,17,5,949.12
2024-08-30,89,Clothing,552.48,1,71,5,552.48
2024-08-31,99,Clothing,459.83,4,269,2,1839.32
2024-09-01,30,Clothing,845.91,9,325,4,7613.19
2024-09-02,17,Books,107.1,9,282,4,963.9
2024-09-03,62,Clothing,493.36,5,305,5,2466.8
2024-09-04,84,Books,158.55,4,451,4,634.2
2024-09-05,89,Clothing,331.43,3,7,5,994.29
2024-09-06,86,Home,739.98,3,314,2,2219.94
2024-09-07,13,Electronics,481.26,5,305,5,2406.3
2024-09-08,59,Home,382.13,10,103,4,3821.3
2024-09-09,19,Electronics,400.53,1,309,4,400.53
2024-09-10,49,Books,464.85,5,193,5,2324.25
2024-09-11,100,Home,787.17,6,241,5,4723.0199999999995
2024-09-12,12,Clothing,893.16,7,62,5,6252.12
2024-09-13,61,Electronics,955.78,9,17,3,8602.02
2024-09-14,19,Electronics,789.03,3,171,4,2367.09
2024-09-15,76,Home,322.25,2,25,4,644.5
2024-09-16,9,Books,691.25,3,251,3,2073.75
2024-09-17,71,Home,443.23,9,253,5,3989.07
2024-09-18,28,Books,262.12,7,387,2,1834.8400000000001
2024-09-19,78,Books,842.46,9,207,5,7582.14
2024-09-20,95,Electronics,48.04,2,29,5,96.08
2024-09-21,52,Home,902.74,5,117,3,4513.7
2024-09-22,83,Home,466.86,4,491,4,1867.44
2024-09-23,16,Books,640.83,2,416,5,1281.66
2024-09-24,69,Home,662.76,9,282,4,5964.84
2024-09-25,99,Clothing,896.17,9,380,1,8065.53
2024-09-26,12,Clothing,640.3,6,144,4,3841.7999999999997
2024-09-27,25,Home,617.79,6,25,2,3706.74
2024-09-28,52,Home,75.99,8,310,2,607.92
2024-09-29,85,Books,523.22,6,156,5,3139.32
2024-09-30,100,Clothing,158.67,1,73,4,158.67
2024-10-01,53,Clothing,740.06,4,120,5,2960.24
2024-10-02,23,Electronics,517.1,7,312,3,3619.7000000000003
2024-10-03,16,Books,683.43,2,321,2,1366.86
2024-10-04,57,Electronics,51.26,9,93,5,461.34
2024-10-05,39,Clothing,93.94,8,86,3,751.52
2024-10-06,53,Books,719.16,8,336,5,5753.28
2024-10-07,42,Home,81.36,7,425,4,569.52
2024-10-08,58,Books,80.54,4,499,4,322.16
2024-10-09,39,Home,21.99,2,364,4,43.98
2024-10-10,14,Home,956.94,3,435,4,2870.82
2024-10-11,95,Books,740.13,6,118,1,4440.78
2024-10-12,5,Home,359.72,5,233,3,1798.6000000000001
2024-10-13,35,Electronics,303.57,8,199,3,2428.56
2024-10-14,87,Clothing,356.21,6,206,4,2137.2599999999998
2024-10-15,93,Home,776.91,6,413,1,4661.46
2024-10-16,75,Electronics,664.76,1,339,4,664.76
2024-10-17,18,Home,193.34,4,147,1,773.36
2024-10-18,76,Clothing,182.37,5,450,4,911.85
2024-10-19,9,Electronics,107.41,3,425,2,322.23
2024-10-20,74,Clothing,663.7,9,429,2,5973.3
2024-10-21,58,Clothing,766.73,1,271,5,766.73
2024-10-22,17,Electronics,272.4,6,387,4,1634.3999999999999
2024-10-23,7,Electronics,30.74,6,139,3,184.44
2024-10-24,46,Electronics,91.35,10,181,5,913.5
2024-10-25,13,Books,968.18,5,430,2,4840.9
2024-10-26,40,Electronics,302.49,5,30,4,1512.45
2024-10-27,42,Electronics,771.53,10,57,5,7715.299999999999
2024-10-28,9,Electronics,628.42,5,232,4,3142.1
2024-10-29,50,Electronics,388.12,6,146,2,2328.7200000000003
2024-10-30,27,Home,213.63,8,435,5,1709.04
2024-10-31,66,Books,130.17,2,384,2,260.34
2024-11-01,5,Clothing,618.86,6,48,1,3713.16
2024-11-02,29,Electronics,776.89,1,194,2,776.89
2024-11-03,37,Home,647.47,4,224,4,2589.88
2024-11-04,38,Home,535.0,10,136,3,5350.0
2024-11-05,83,Home,51.53,3,22,2,154.59
2024-11-06,8,Clothing,968.8,9,6,3,8719.199999999999
2024-11-07,65,Electronics,800.73,3,204,1,2402.19
2024-11-08,86,Books,299.89,6,239,5,1799.34
2024-11-09,17,Books,980.17,1,185,5,980.17
2024-11-10,71,Home,605.86,6,360,3,3635.16
2024-11-11,89,Clothing,586.6,4,292,5,2346.4
2024-11-12,45,Clothing,750.59,8,335,2,6004.72
2024-11-13,4,Clothing,813.65,9,220,3,7322.849999999999
2024-11-14,36,Books,659.91,4,116,4,2639.64
2024-11-15,70,Home,136.81,10,313,2,1368.1
2024-11-16,31,Electronics,344.88,10,49,2,3448.8
2024-11-17,19,Books,928.8,6,173,2,5572.799999999999
2024-11-18,61,Home,232.37,1,82,4,232.37
2024-11-19,54,Home,378.45,4,322,1,1513.8
2024-11-20,39,Electronics,437.76,7,333,5,3064.3199999999997
2024-11-21,91,Electronics,445.01,1,45,3,445.01
2024-11-22,74,Electronics,616.81,8,335,1,4934.48
2024-11-23,90,Clothing,943.65,10,20,3,9436.5
2024-11-24,19,Electronics,248.29,6,448,5,1489.74
2024-11-25,39,Home,130.29,5,221,4,651.4499999999999
2024-11-26,67,Electronics,205.5,10,123,2,2055.0
2024-11-27,45,Home,888.06,9,234,2,7992.539999999999
2024-11-28,13,Books,649.35,2,221,4,1298.7
2024-11-29,92,Clothing,293.05,5,323,1,1465.25
2024-11-30,58,Books,817.79,6,339,1,4906.74
2024-12-01,20,Books,862.76,7,3,3,6039.32
2024-12-02,92,Home,848.05,5,182,4,4240.25
2024-12-03,72,Books,919.74,9,206,1,8277.66
2024-12-04,61,Home,259.72,1,320,4,259.72
2024-12-05,39,Electronics,757.49,7,40,5,5302.43
2024-12-06,1,Electronics,465.93,10,59,2,4659.3
2024-12-07,3,Home,843.58,7,439,2,5905.06
2024-12-08,77,Electronics,731.21,4,62,2,2924.84
2024-12-09,92,Clothing,778.68,9,132,4,7008.12
2024-12-10,62,Books,659.6,5,60,4,3298.0
2024-12-11,63,Clothing,185.65,4,372,3,742.6
2024-12-12,25,Books,549.58,7,331,2,3847.0600000000004
2024-12-13,56,Electronics,984.82,4,122,3,3939.28
2024-12-14,33,Clothing,938.01,3,479,2,2814.0299999999997
2024-12-15,38,Electronics,52.74,9,107,3,474.66
2024-12-16,6,Books,173.17,8,96,3,1385.36
2024-12-17,58,Home,140.41,1,347,5,140.41
2024-12-18,44,Home,728.72,7,414,3,5101.04
2024-12-19,45,Clothing,819.61,9,235,4,7376.49
2024-12-20,32,Electronics,221.38,8,386,3,1771.04
2024-12-21,45,Electronics,510.79,8,62,2,4086.32
2024-12-22,61,Clothing,842.3,6,256,3,5053.799999999999
2024-12-23,47,Home,735.47,4,49,1,2941.88
2024-12-24,21,Books,546.81,8,393,2,4374.48
2024-12-25,80,Clothing,594.44,3,348,1,1783.3200000000002
2024-12-26,85,Books,513.28,9,159,2,4619.5199999999995
2024-12-27,75,Home,304.57,2,124,4,609.14
2024-12-28,36,Electronics,569.37,2,482,4,1138.74
2024-12-29,99,Home,692.0,7,317,4,4844.0
2024-12-30,19,Clothing,874.59,10,207,1,8745.9
2024-12-31,20,Electronics,639.93,4,48,5,2559.72
2025-01-01,57,Clothing,763.51,10,409,2,7635.1
2025-01-02,18,Clothing,168.47,8,420,4,1347.76
2025-01-03,47,Home,466.94,9,136,2,4202.46
2025-01-04,49,Clothing,19.24,7,201,1,134.67999999999998
2025-01-05,14,Home,254.21,5,250,5,1271.05
2025-01-06,15,Electronics,729.2,8,314,1,5833.6
2025-01-07,31,Home,991.89,4,357,2,3967.56
2025-01-08,1,Electronics,108.19,2,368,5,216.38
2025-01-09,54,Home,407.48,6,429,5,2444.88
2025-01-10,3,Books,802.07,9,318,1,7218.63
2025-01-11,16,Books,212.0,1,295,4,212.0
2025-01-12,87,Clothing,559.53,10,480,2,5595.299999999999
2025-01-13,57,Home,735.74,7,314,3,5150.18
2025-01-14,75,Home,619.83,10,500,3,6198.3
2025-01-15,12,Electronics,196.14,9,209,1,1765.2599999999998
2025-01-16,74,Clothing,361.83,10,355,2,3618.2999999999997
2025-01-17,96,Home,785.95,9,485,2,7073.55
2025-01-18,16,Clothing,558.68,10,211,1,5586.799999999999
2025-01-19,72,Books,15.18,3,192,2,45.54
2025-01-20,76,Home,763.38,5,44,4,3816.9
2025-01-21,24,Home,44.96,8,29,1,359.68
2025-01-22,28,Clothing,748.28,8,59,4,5986.24
2025-01-23,8,Home,210.46,4,71,2,841.84
2025-01-24,92,Clothing,958.49,1,92,1,958.49
2025-01-25,36,Home,374.26,1,265,2,374.26
2025-01-26,90,Electronics,333.66,4,383,1,1334.64
2025-01-27,8,Clothing,157.4,6,220,2,944.4000000000001
2025-01-28,58,Home,312.55,8,390,4,2500.4
2025-01-29,60,Books,877.88,6,413,4,5267.28
2025-01-30,50,Home,996.37,9,442,2,8967.33
2025-01-31,28,Books,374.63,9,401,1,3371.67
2025-02-01,92,Books,454.12,2,400,3,908.24
2025-02-02,41,Electronics,724.85,10,215,4,7248.5
2025-02-03,100,Clothing,887.33,1,479,4,887.33
2025-02-04,64,Home,597.11,2,387,3,1194.22
2025-02-05,27,Electronics,397.61,5,277,2,1988.0500000000002
2025-02-06,63,Home,418.5,4,64,1,1674.0
2025-02-07,17,Books,698.66,4,346,2,2794.64
2025-02-08,73,Clothing,13.19,9,292,5,118.71
2025-02-09,33,Home,623.39,8,490,4,4987.12
2025-02-10,84,Home,361.94,6,485,5,2171.64
2025-02-11,77,Books,796.26,1,245,4,796.26
2025-02-12,92,Home,102.06,2,470,4,204.12
2025-02-13,29,Home,592.32,6,62,5,3553.92
2025-02-14,13,Books,486.16,2,426,5,972.32
2025-02-15,46,Electronics,645.9,10,332,2,6459.0
2025-02-16,35,Books,74.21,5,170,5,371.04999999999995
2025-02-17,6,Electronics,584.18,5,445,2,2920.8999999999996
2025-02-18,82,Clothing,565.87,6,269,2,3395.2200000000003
2025-02-19,69,Electronics,565.05,6,267,2,3390.2999999999997
2025-02-20,47,Electronics,607.45,6,54,4,3644.7000000000003
2025-02-21,25,Clothing,679.7,2,16,4,1359.4
2025-02-22,66,Electronics,806.94,10,8,5,8069.400000000001
2025-02-23,10,Books,277.12,3,104,4,831.36
2025-02-24,56,Electronics,826.8,6,59,5,4960.799999999999
2025-02-25,30,Clothing,503.27,8,313,4,4026.16
2025-02-26,5,Books,86.29,1,40,1,86.29
2025-02-27,33,Clothing,67.97,1,237,1,67.97
2025-02-28,65,Clothing,340.9,2,443,5,681.8
2025-03-01,18,Home,787.05,6,386,4,4722.299999999999
2025-03-02,96,Home,710.6,9,94,4,6395.400000000001
2025-03-03,49,Clothing,790.73,4,222,2,3162.92
2025-03-04,11,Clothing,522.1,3,204,3,1566.3000000000002
2025-03-05,85,Clothing,445.8,8,138,5,3566.4
2025-03-06,26,Home,155.98,10,300,3,1559.8
2025-03-07,63,Home,334.91,9,395,3,3014.19
2025-03-08,89,Electronics,439.68,5,207,5,2198.4
2025-03-09,86,Electronics,97.71,9,336,4,879.39
2025-03-10,59,Clothing,228.41,2,81,5,456.82
2025-03-11,27,Books,602.24,3,218,3,1806.72
2025-03-12,49,Books,738.31,7,2,4,5168.17
2025-03-13,77,Home,998.36,7,178,1,6988.52
2025-03-14,33,Home,933.78,6,396,5,5602.68
2025-03-15,98,Home,646.14,6,371,5,3876.84
2025-03-16,99,Clothing,427.04,2,346,4,854.08
2025-03-17,1,Books,639.82,10,279,1,6398.200000000001
2025-03-18,21,Electronics,787.8,6,146,1,4726.799999999999
2025-03-19,55,Clothing,127.15,4,318,4,508.6
2025-03-20,6,Electronics,415.81,3,224,2,1247.43
2025-03-21,92,Electronics,841.4,2,369,5,1682.8
2025-03-22,81,Clothing,389.99,1,384,5,389.99
2025-03-23,69,Electronics,576.15,5,62,3,2880.75
2025-03-24,95,Books,591.89,2,294,4,1183.78
2025-03-25,5,Electronics,192.63,2,239,3,385.26
2025-03-26,3,Books,368.61,7,195,3,2580.27
2025-03-27,53,Books,341.17,8,166,1,2729.36
2025-03-28,23,Books,35.93,10,451,5,359.3
2025-03-29,53,Home,33.95,8,222,3,271.6
2025-03-30,37,Electronics,833.38,4,61,1,3333.52
2025-03-31,74,Clothing,280.34,1,129,4,280.34
2025-04-01,74,Clothing,522.9,7,478,3,3660.2999999999997
2025-04-02,83,Electronics,305.74,1,173,5,305.74
2025-04-03,17,Home,941.27,4,480,3,3765.08
2025-04-04,85,Home,266.7,8,156,4,2133.6
2025-04-05,78,Books,435.36,2,405,3,870.72
2025-04-06,73,Electronics,874.0,6,378,5,5244.0
2025-04-07,1,Electronics,843.51,6,110,1,5061.0599999999995
2025-04-08,51,Clothing,194.24,9,269,5,1748.16
2025-04-09,45,Electronics,804.62,5,411,1,4023.1
2025-04-10,77,Home,463.61,10,356,2,4636.1
2025-04-11,4,Electronics,488.14,4,391,5,1952.56
2025-04-12,62,Clothing,142.15,5,278,5,710.75
2025-04-13,65,Books,89.8,10,74,4,898.0
2025-04-14,32,Clothing,730.66,5,487,3,3653.2999999999997
2025-04-15,34,Clothing,501.5,8,437,1,4012.0
2025-04-16,92,Books,442.48,10,463,1,4424.8
2025-04-17,95,Clothing,732.21,8,207,4,5857.68
2025-04-18,72,Clothing,767.86,2,388,4,1535.72
2025-04-19,39,Electronics,167.32,7,480,3,1171.24
2025-04-20,26,Electronics,614.12,8,279,3,4912.96
2025-04-21,34,Books,144.0,6,375,5,864.0
2025-04-22,54,Electronics,753.86,5,326,2,3769.3
2025-04-23,3,Electronics,660.39,9,472,3,5943.51
2025-04-24,50,Clothing,957.05,3,340,4,2871.1499999999996
2025-04-25,12,Home,78.27,10,357,3,782.6999999999999
2025-04-26,65,Electronics,66.48,4,340,1,265.92
2025-04-27,54,Home,289.37,9,204,2,2604.33
2025-04-28,5,Electronics,269.09,6,161,5,1614.54
2025-04-29,94,Electronics,254.51,8,28,1,2036.08
2025-04-30,94,Books,907.19,7,392,1,6350.33
2025-05-01,57,Books,257.05,2,257,2,514.1
2025-05-02,17,Books,279.23,3,165,5,837.69
2025-05-03,47,Home,761.8,1,63,4,761.8
2025-05-04,23,Clothing,455.24,9,22,5,4097.16
2025-05-05,79,Electronics,778.94,7,70,3,5452.58
2025-05-06,85,Electronics,74.71,1,381,1,74.71
2025-05-07,14,Electronics,492.7,3,405,3,1478.1
2025-05-08,66,Home,43.28,4,96,4,173.12
2025-05-09,75,Books,72.03,4,163,3,288.12
2025-05-10,51,Clothing,907.37,5,79,5,4536.85
2025-05-11,38,Home,147.85,3,5,3,443.54999999999995
2025-05-12,64,Books,537.1,3,316,4,1611.3000000000002
2025-05-13,98,Home,416.98,1,120,4,416.98
2025-05-14,38,Clothing,353.87,7,302,4,2477.09
2025-05-15,50,Books,900.84,10,178,5,9008.4
2025-05-16,98,Home,31.61,1,176,4,31.61
2025-05-17,82,Clothing,667.15,2,390,1,1334.3
2025-05-18,30,Electronics,963.76,4,217,4,3855.04
2025-05-19,79,Clothing,564.57,4,56,3,2258.28
2025-05-20,91,Electronics,937.45,5,366,3,4687.25
2025-05-21,51,Home,61.74,2,187,3,123.48
2025-05-22,63,Books,424.61,4,232,5,1698.44
2025-05-23,98,Books,267.56,1,255,3,267.56
2025-05-24,52,Home,733.51,2,413,5,1467.02
2025-05-25,38,Books,981.48,1,455,5,981.48
2025-05-26,97,Books,263.96,10,104,4,2639.6
2025-05-27,88,Electronics,657.63,10,77,1,6576.3
2025-05-28,79,Home,206.12,4,230,4,824.48
2025-05-29,30,Clothing,569.68,4,402,4,2278.72
2025-05-30,51,Electronics,469.29,7,258,5,3285.03
2025-05-31,81,Home,972.29,10,264,5,9722.9
2025-06-01,5,Electronics,612.44,9,331,3,5511.960000000001
2025-06-02,29,Clothing,356.01,9,481,3,3204.09
2025-06-03,4,Clothing,122.95,5,182,4,614.75
2025-06-04,10,Home,159.73,10,381,2,1597.3
2025-06-05,56,Clothing,233.06,1,256,2,233.06
2025-06-06,17,Electronics,258.46,1,38,3,258.46
2025-06-07,74,Clothing,852.11,6,176,2,5112.66
2025-06-08,17,Electronics,565.61,2,27,3,1131.22
2025-06-09,84,Electronics,528.16,8,276,5,4225.28
2025-06-10,88,Clothing,123.62,9,140,4,1112.58
2025-06-11,69,Home,861.54,4,299,1,3446.16
2025-06-12,34,Books,725.59,5,445,4,3627.9500000000003
2025-06-13,6,Clothing,76.99,8,287,3,615.92
2025-06-14,53,Electronics,710.76,3,91,3,2132.2799999999997
2025-06-15,66,Electronics,548.1,5,480,4,2740.5
2025-06-16,77,Clothing,90.91,3,61,3,272.73
2025-06-17,43,Home,463.72,10,458,2,4637.200000000001
2025-06-18,75,Home,489.85,3,451,2,1469.5500000000002
2025-06-19,23,Electronics,174.12,3,365,3,522.36
2025-06-20,55,Electronics,946.24,7,347,3,6623.68
2025-06-21,80,Home,851.48,7,163,2,5960.360000000001
2025-06-22,95,Books,672.33,7,351,3,4706.31
2025-06-23,75,Clothing,467.67,10,143,3,4676.7
2025-06-24,16,Electronics,417.65,8,400,4,3341.2
2025-06-25,8,Electronics,654.46,5,253,1,3272.3
2025-06-26,4,Home,549.98,5,269,2,2749.9
2025-06-27,4,Clothing,71.65,4,369,4,286.6
2025-06-28,56,Home,517.38,7,291,1,3621.66
2025-06-29,25,Clothing,808.34,10,500,3,8083.400000000001
2025-06-30,67,Clothing,464.65,4,459,3,1858.6
2025-07-01,96,Clothing,61.44,2,187,4,122.88
2025-07-02,67,Electronics,788.42,4,405,3,3153.68
2025-07-03,27,Books,209.35,8,499,5,1674.8
2025-07-04,93,Home,266.03,9,438,4,2394.2699999999995
2025-07-05,32,Books,173.06,3,459,1,519.1800000000001
2025-07-06,50,Home,336.91,7,414,4,2358.3700000000003
2025-07-07,61,Clothing,759.18,9,304,2,6832.62
2025-07-08,51,Electronics,524.19,4,291,4,2096.76
2025-07-09,19,Books,212.83,10,86,3,2128.3
2025-07-10,21,Electronics,879.05,3,166,3,2637.1499999999996
2025-07-11,5,Home,880.79,5,415,5,4403.95
2025-07-12,82,Electronics,871.87,1,462,5,871.87
2025-07-13,92,Electronics,246.41,3,408,5,739.23
2025-07-14,42,Books,456.73,8,114,1,3653.84
2025-07-15,61,Clothing,985.14,8,433,5,7881.12
2025-07-16,22,Electronics,774.29,4,480,1,3097.16
2025-07-17,21,Clothing,36.9,2,356,5,73.8
2025-07-18,70,Home,74.55,8,416,1,596.4
2025-07-19,1,Electronics,469.29,8,183,4,3754.32
2025-07-20,5,Books,910.13,10,207,4,9101.3
2025-07-21,12,Home,543.31,4,256,3,2173.24
2025-07-22,90,Home,502.83,3,235,1,1508.49
2025-07-23,46,Books,114.42,2,442,2,228.84
2025-07-24,34,Electronics,660.21,9,355,3,5941.89
2025-07-25,49,Electronics,823.88,1,3,4,823.88
2025-07-26,78,Home,386.62,7,208,1,2706.34
2025-07-27,90,Electronics,777.86,5,197,5,3889.3
2025-07-28,45,Clothing,964.83,8,341,2,7718.64
2025-07-29,27,Books,211.73,4,125,4,846.92
2025-07-30,73,Clothing,528.1,7,138,3,3696.7000000000003
2025-07-31,26,Electronics,294.27,5,339,1,1471.35
2025-08-01,47,Home,794.93,5,25,2,3974.6499999999996
2025-08-02,86,Books,581.82,9,68,1,5236.38
2025-08-03,56,Electronics,638.24,9,61,5,5744.16
2025-08-04,94,Electronics,799.94,9,29,3,7199.460000000001
2025-08-05,63,Home,402.01,6,383,1,2412.06
2025-08-06,48,Home,915.94,6,19,4,5495.64
2025-08-07,61,Clothing,537.7,5,171,3,2688.5
2025-08-08,81,Books,166.38,9,450,4,1497.42
2025-08-09,26,Books,698.94,10,74,1,6989.400000000001
2025-08-10,36,Home,795.33,8,61,3,6362.64
2025-08-11,1,Clothing,323.59,7,427,4,2265.1299999999997
2025-08-12,8,Books,858.61,7,153,5,6010.27
2025-08-13,99,Home,907.08,6,276,5,5442.4800000000005
2025-08-14,52,Electronics,284.14,5,48,1,1420.6999999999998
2025-08-15,79,Books,983.69,4,211,3,3934.76
2025-08-16,47,Clothing,149.3,3,343,2,447.90000000000003
2025-08-17,56,Clothing,210.0,3,408,3,630.0
2025-08-18,86,Clothing,192.38,6,139,5,1154.28
2025-08-19,14,Electronics,895.05,4,110,4,3580.2
2025-08-20,90,Books,657.75,6,482,2,3946.5
2025-08-21,28,Books,160.58,3,183,1,481.74
2025-08-22,87,Electronics,445.92,4,28,2,1783.68
2025-08-23,78,Books,619.15,9,197,1,5572.349999999999
2025-08-24,88,Electronics,92.63,5,191,2,463.15
2025-08-25,2,Electronics,883.59,7,315,1,6185.13
2025-08-26,26,Electronics,805.57,10,389,1,8055.700000000001
2025-08-27,14,Clothing,510.15,2,51,2,1020.3
2025-08-28,59,Books,967.46,5,149,2,4837.3
2025-08-29,56,Electronics,423.58,9,268,1,3812.22
2025-08-30,7,Books,984.27,3,50,5,2952.81
2025-08-31,3,Clothing,671.24,9,388,2,6041.16
2025-09-01,23,Electronics,638.32,6,246,3,3829.92
2025-09-02,18,Home,174.3,4,113,4,697.2
2025-09-03,38,Clothing,883.11,7,170,1,6181.77
2025-09-04,99,Home,433.21,8,468,1,3465.68
2025-09-05,15,Books,170.61,6,166,4,1023.6600000000001
2025-09-06,64,Books,22.48,5,409,5,112.4
2025-09-07,89,Clothing,564.16,6,14,4,3384.96
2025-09-08,28,Books,532.13,5,203,2,2660.65
2025-09-09,74,Home,722.16,8,288,4,5777.28
2025-09-10,39,Electronics,891.36,1,395,1,891.36
2025-09-11,57,Electronics,88.61,7,189,4,620.27
2025-09-12,17,Electronics,734.18,10,402,3,7341.799999999999
2025-09-13,86,Clothing,195.54,10,155,2,1955.3999999999999
2025-09-14,90,Books,859.6,2,55,4,1719.2
2025-09-15,44,Home,820.87,9,182,1,7387.83
2025-09-16,25,Books,545.39,1,210,2,545.39
2025-09-17,17,Books,713.14,10,376,1,7131.4
2025-09-18,13,Books,321.21,6,471,5,1927.2599999999998
2025-09-19,84,Electronics,476.46,9,75,3,4288.139999999999
2025-09-20,25,Home,823.42,1,277,5,823.42
2025-09-21,68,Home,464.67,4,428,3,1858.68
2025-09-22,10,Books,364.22,4,133,4,1456.88
2025-09-23,67,Electronics,499.27,9,343,2,4493.43
2025-09-24,18,Electronics,829.97,5,425,4,4149.85
2025-09-25,100,Home,341.86,5,59,3,1709.3000000000002
2025-09-26,86,Electronics,182.02,6,345,3,1092.1200000000001
